id,label
fda0509e98382fc9f85683058501aded3f06a462,0
fff69b7e90d979503222591557d5191dc74e9c9a,0
fdf66502f594682a162495b63698edc78cff4fc3,0
fffb3f6c8be9fb4d19245e6d5dbe003b03c70771,0
fd3f5c9d3ce60d9e8ca181d79aa5e2f75b55ef7d,0
fc15a9b3a9859eca851865e8bbfc98f9cde13984,0
fca50feec8edca5738457a6a3634a6ede0e6cb11,0
fc073371c07cf1393f24097684db3898b13102c5,0
fc2e1e53dee803f2aa0271b0c9b90188f98bf648,0
fe31a9220d926665c4d3a969086a6961078f1a8b,0
ff256dc3d833e2e42063af0ea50a2502d54111f0,0
ffbc23ac0105115367cde3db6bca4958fe607ef7,0
ffe177e615251838814c8f2ab039bdb6f31268c3,0
fdea45eed8f6191ab602ee044d0bf1c074ddedff,0
fecff53fb3fcdf2f5a926f4a6abdea79ce3e34c0,0
fda2397653934aaa39f747818c354a904cb811b8,0
fe29e98e5ca384162a7a2591c3c46cc21d26cb5e,0
fb7ab385e13653179f7eff1571640b8b886c3970,0
fee81b2130af43b4e62782b37905323d9035a669,0
ffc86022450d9fdf3218afc3f71ecc8876bdbff3,0
fe039dfccaf298027d2204b8279a9e43ff6224b6,0
feb3407b2b26fd88c64d7e6f5211b89fd3e98bb4,0
fe4260b4f3e7df20d464cb1bd9fdd0f0082bc6fe,0
fe713ea1d15d347688a638118e05366e11d295ad,0
fd51115a1ab56d746a2c2c61608b8a3dabc16554,0
fd7ba66e43c4907152704696b923c84e054cb46e,0
fbe3a6cae0bcac9c7038b552eb7d01c258792a83,0
fde7610d8b1b0e2a51d27f987be452a556462f16,0
fde235577f3bbed138f103c2cabe0b5dd863efbd,0
ff4fb47611d768d97a5acbc4420bb9525089219a,0
fddc9a5edf658e67adf281fbce0147628f65555c,0
fdae80fc8b570776d48a9ecdcd896d88d029c5ec,0
ff60cee0a97b738ebdd9f991a17f3c39d0dd6ad2,0
ffa811264356db7f55f48a9b0a1008b05559f0cd,0
ff23e558bd8d68cd31ffe0b768ab4b41c7f798d6,0
fbddbd40745e9aaffe9e1bc1d2285d6b6c3e4009,0
fd50de2f05d427088f3504d3b0631a56ec8e2703,0
fb3d00427d251fc892a9a5b96a4e30be42cc82c8,0
fb8cd48141eb8a481c4b3f1f3b7a4afacc2cc3bb,0
fe5a1d2c64d59bbfb04538c803b275a514166a52,0
fdd87c8ad5077c6a9f0bb32f71172fee60cdda8b,0
fc586934fad887cf5cc0ffe6c1f26b23db27e441,0
fc44aafd28b10d00104f9bf93b745413d73e194b,0
fccc4dd3a2d38940b9dbf4ad7f8ead86d3ee89e9,0
fc114189c1862cfa82d4221404a921c96a84b83c,0
fe26699806a7502089b9938d47ac6b095376fca4,0
fc67108f8f8800baf3c5931b2299949b552a801b,0
ffa34254c46fea898f38172b2311e35ede0a8b57,0
fd1557d8d43a0ea7332f44c78bc26547a3a43c3e,0
fdb6b325b21077ad83a5e880f6ab75b695e0f5c6,0
ff97964d61f08200d8a838f26b52df2e8fa55994,0
fe75b0b62b8304a5d5a018bd04dd98089e0a7c79,0
fc1f88139610421ef2f109fa567bd36db5ff50c5,0
ffd830b397c1a03c35688ccf898667832cff89f8,0
fe6a619f42c5ca2140d1492e7f4ff73c32cc9a70,0
fca9611b63c07dd552096ca9272cbeae8f97b991,0
fe07cc65914f3bf8077e443b39512006804a2487,0
fcf4dc9f3130230f0017d23a8ae683d0d2a97690,0
fefc85a5d9449ec12153f8bf94dc50064714c632,0
fbdbe1f8b1b08142d89c60c61b242eb6c6accd2d,0
fe8acee079aa14c5ebf65e9bf6f00484f6d11f5b,0
fcf5bfe9fce60e10df19b1efe47cb1ea6161da86,0
fccb8072d95bab5b42aef36e14a0fad6c35d1daf,0
fea92df3e0db1125548e041e95c1dc0994efb1ed,0
ff7b3b291a8d32f5e2e847a02851171eddbe756c,0
ff69c3abae3cb8e50836b1be815af8e1957d191e,0
fbebc25d3d348e38e5365fc60f418e22f228d1b0,0
fe6cc562ab40c6ee8384955db59ee713503d75d1,0
fe630aac419e6234686ca9d1eb20679821383127,0
fc1debf694e0bdfc7f1831f61c0d7178d07d6140,0
fdc2a9fd87578a265da227a3ff7e00a3aefbbda3,0
ff5f1dcf75182a766ea047e4201d20c4cc253c65,0
fc5c4b0b553caef3575137a744e2d4580b1e96fb,0
fca4c92e7ed4563226a87de72e14ee49173b63cc,0
ff7cb7735a6a1b19b2e16dfaa6d7d12ca391b978,0
fdcc97020d3e40eb29a46160bf11fe25601348e9,0
fe734248104a9f3622a249917ddc872c7f2d5992,0
fe0a1c70f4e970a411b44642f183650a63930e99,0
ff64249c3cb436e84a20934dbf129b484ef4cfb9,0
fed3b155f2fcd65d477793975a66491a5d026aa7,0
ffee4360d4273351e7283db5494fa1a6a6ca64b0,0
fc149dfc42f94ab5b2a7823936383dc5c988b7f9,0
fce725b87cae5cf404f201b554196272cd1b0116,0
ffaa8b80a347f6a9f273c317015a90c3d272c720,0
fe800a8967c8b3cf9a0b1af86da9519ccdd96d31,0
fc2ccbc5e5a146cdda5863a816c2c34cefca4730,0
fbf8b309f7f7741852a0c4f6d3f46d61074d5169,0
fb9e4743f3ca47d31c48304d7ec9f8cdaf306aaa,0
fcfae20dc7797c1b100a48300d92879fc682fad4,0
ff0f32c6338c7e9beaaaa36cd640c242c1dbe921,0
fd71281b00bb44cff8d256c61f5a614909fcc214,0
ff98146d2a2df0310b7fffb3018ba6b5d5088913,0
fd7debd387c2953e5b3cc9a55cbf1d63839955da,0
fe2c8f10d70766fdc5ed7d6d4b0fab9cbc42d3f8,0
ff1ea46b50f747ea952faf15944e327fc86d187c,0
fb2a7b736df674e5c1e71d500bd9243b4f482415,0
fd49a630f846bfa04dd3d6b3676172ac5b496316,0
fd132c32dd1ee271fc43fbbb240d24ad1fc465b0,0
fec72d9fcdc40d727034adf8ee40182e919cebdf,0
fe185583edcd5e0734dea7d435e3b14e08c14372,0
fc04e0a79f2b441a85acd7bbfa4619983cef8953,0
fd152ed03c8080d9f77ac27c600185f74ec34bbd,0
fbebf824e3620fe7b0fc1cf655a476a392b471a9,0
ff58887d8a18aba862efa843de217dd75b397af2,0
fecf9c48ceed82f418d22c95dd3a5c7d2843ab6e,0
fc18bcac6e694d7b4af2ce2817b3651fb6e9c2d0,0
fd61910422858c84b7f54d720c7612acabf5d131,0
fd8b57dc8f9d70ca88172c45565a231d20e5e412,0
fdb1bee1d88858e42257cba696aaaf64f5c58b75,0
fd44450596b86c556e8ec931ef660b06b0cf0668,0
fffdf4b82ba01f9cae88b9fa45be103344d9f6e3,0
fd5f91dec97af2d07bd1fc615250c3bd7c90c32c,0
fde76affe4e9aacf9dba1db8b2e6bd0d517467b0,0
fe5bb18ca4eead0c142d18d48a907df9672e2292,0
ffc3752ac5b084323fb0cc5d2b745ce28dcd1cd0,0
fb7f0588bc0f67e0f84f7d22ab21357b7f830af4,0
fe6e78c8bfe67421e8f191a484f6c87d602284bb,0
ff29c1315e443c1ff9595f02505e6b5e09a8f0ce,0
fff933e08e23a51cc6401d116e3c18999330b8dd,0
ff649019bf08d78917c31b00a891f4b136e880ba,0
fdcb9e36d61f5e044b170e413d2097d86cbcd325,0
fde31b966b8ff845342c96455fb37138d9563a67,0
fdcf42c4b744e9d61ba9209c3a0dbebb572bcdb2,0
ff4399a558fcc0b907ad04493e08d384d66ffb12,0
fd529c8d0101c736f94e9010dbfae3d8d22893af,0
fe4a1b3635c728587c20fde81e5adc81ba43b2ad,0
fd65160a862b100a6cc293386b4f1372733b66e3,0
fdaea51edba2c8a7c56eb97163565ae3d068ef97,0
fc792dc02d214ddec87b7a5bbded1ed81b6101a9,0
fec124519e5d39881c2d2baf10872cb35b7379a3,0
ff2f1d2d27212589ff1b4706447aca3af25f1f40,0
fe09dff280e8a412a1c2ce60280b875b329b09f0,0
fffbc065982ddf01c39e4c74e62d1868551d0b25,0
fe50b3424359c46ec5ec9e7f1812454d3da47f71,0
fef79c7017f7ac5317df70b013ab6c7f86befb15,0
ff7e86d24067384f3971bf67780f09cf61da84c0,0
fd0bd5d06133643f275812d799e5170cc2ec58e1,0
febc0f421e48c2a60cf86598e39d3d15e6f97345,0
fed7c009ad521b537187332e0a1a3fae71824b58,0
fea253f154e0d7c513629e1604f25e7be59bd440,0
feb8c559b7d08c528e6ddb67a41ff12fa1900583,0
ff47f48e4f65070264b8e9a44ae3a18481567c51,0
ff21f11a375db247d70f32846d0132e422d0dcca,0
fc7a8a9aa811725909a75b7d351d600b2141826d,0
fd0b993fbb25885b6b4bc195d98ba4b5af8cc58d,0
fea41ac3be2467342ce101dae449aed9f02f9dd8,0
fcc05932483ee8232e2cde56748c79e531eef9a5,0
fe6de4ef426a2625b1bb26610207eb379ff0de01,0
fb7daa6e2112ca49f2f29ec590ae83a2a2d38191,0
fff03179712a2c3dabf9b8c7bbb5ce1c767d6f17,0
ffbd573d89a5b3bc123fc8a20e58ebd3765d93a6,0
fd2b257d2fa128b3ba7ee01244656d1fb7b585b7,0
fe5462ab4f6f640775758d02a1c00a20f753a0b6,0
ff57dcf79d9dcc78d48e3691e8a7a9c04295ffe8,0
fc929414e6c316c789ae08662c1616b1d1ffadbd,0
fdc37ea2c5b87daf5fa5ce13e961e16d5fff8596,0
ffba489f24072132491abbdf1c617b494e6dd80f,0
fb5eb843fc24b7fbc33c4f61e77fe235e2cb1474,0
fdc7e5c7ed69128f01bf2c8e0d1a04224e0f621b,0
ffb64eed8fb28c95e2b6853b7e6837c0beb5ac6b,0
fdd9a2b4d7b5bb970d15d0df1a9f35c8600730bc,0
fef4801446c472fab587167d8b0f1d8ddda0db7b,0
fe830f3e3af8060c1131dd1877fa5d4e45455119,0
fdf19c056c728d193441a6ad807964134d560951,0
fb1e000a10454690a3ef617bad934764a82515b6,0
fc65c9d657992b7f767bb60c6626de0b9b1f0c1e,0
fc11e6bf356c7401b70bd6e05861cff8d0c96b46,0
fc56e45bcf029a4a179ba719a8b9255d37b1ce4f,0
fe506fb93195a8c822c81c627a8f1f914f8b10d7,0
fbe037feec05a157f621df146cae46c9cb2b9047,0
fce75aeba9b24a79ef2ccb5af2a2c8ccaa2f0a97,0
fffa681f68c58839f9fad90be2ac9cba6ab6f6a5,0
fd2cd6caad69d14f42b8c7ed146e112947a08afe,0
ff29559341951019649991fd45f3b773648a8751,0
fd6ca056bd626af9c46f3d6d66a2dbbf0613b408,0
fc9d208ae5fd1c64d3f5199a61083e5ae17afca2,0
fcb1598fdf59da90fd4811b6c4320ec07b4821c5,0
fdb74bdb742d5df4d133827b5f7bb39f3b11eeb5,0
fb5a9ed5dffa17825f6e1b9fd540c74be21e58d5,0
fff3711c84005cea2cb1adfa9ff47541d49567bd,0
fdfd869a61e9eb9d65288e24a7658df402382e86,0
fd7e38071294c02cbacee410f35c65a5f9c23d9e,0
fc8cc55483dc503d8c167f72f8958e420f787ec8,0
fe46d782e6902f77c20fac43f3b0701737227d6e,0
ff67d2f6630e0359f0ea5b61cd603b42bef022e2,0
fe722dcb258c14d9850ec5422e9c05430212229e,0
fea697d83688150124c4c9bdaa467b18a56c7ed6,0
ff375971cbccdf254f8516f17595eb4bef4aa2cc,0
fd3450d15dc0fd0a4c9c905bec8616c27c85dd77,0
febfe1d3d884772357595eb01c89ec9aeb9bb3b7,0
fce12b8c19ca0037fbafd5aaf9ea7c667ea0e3e2,0
feacab3d4d649c3bc5418de3c47f2a3bee6372a4,0
fd59c97417ff6d6a78f0837b78a0815f5d06e789,0
fd68b12084fd0e0bbcdc457151284828f6c299a6,0
fdd6757347cff1b31367ec7e9ba2b8eb0c886f2b,0
ffd19e492d4786813f69634be3c9b8f8460bbb42,0
fdb32b53785d2298b7f556d27d68499dc4a12c72,0
ff4fe24c9690395023b2a24cb59b09b1f1ecb9cf,0
fe872e50c706c5ab0521f49eeb459b315ab2ce0b,0
fcffe4518598c01a6b1f3e64ed825e5762d5b637,0
fc7674a166d9768ce85bd2a8f5f3cebdac8f10e4,0
fd42a7142892136a53f19c8a75f4fe5028d8b51e,0
fdba64673e4424f0d6940c99fb82e4fd9443c16b,0
ffc3eae83a6720922791c40f246415f332e7707e,0
fc0fa05cace92d1366be6ca713884ef816a7e0f1,0
fbe2e0085fa551d5a91c7d935036ba7c0845c5f1,0
fda05197be5bb9dfdceddfd8ad847623c96c4d83,0
ffb3b7bef4cc8619710c993df2b7a7a5a70281b8,0
fcc11f11bea720522ee9f1d1bd53d2fcb80c7590,0
fecf31598e6bd176d9c1106cfa5ff64f7847b2c9,0
fd5580ef816965879d55e518578e3ac51c10464b,0
fd4a199c2b0caf95eefa0d7b34b8ecc2c135ba52,0
fcf3b12c9a9e97779fb89b37de22908c4021d9cc,0
fd2d2792b15c79b028bca2d0b1cc067da62f9fff,0
fe7a6f36ec4e930e14ef50eefb324b428dbfef7a,0
fcd865dc0152477ffcb261cfe1c1dea380f8d4fa,0
fd9ffccdd2b3c1d63abe542e0cc676b76b7f1fe0,0
fd9a00041085113ca161a4f9091c4ad647cf4912,0
fb8fd47674755aafdbe3669679ffd65320563978,0
fec07e696ff2301bb3c3d243a8a1ecd65db1d367,0
ff9c2d45e0bfaaa1b3075e094f727099ab25657d,0
ffcc29cf0e363737b577d1db470df0bb1adf7957,0
fe45da85699b8c43aea84cc1a1ed17287f226a10,0
fd973e71e8418c8f966555df21433c07d96462d3,0
fc7c428dcf0b51fd76679934f2417d51cf802ab7,0
fee8844223ec2e209794066faf065301df4e382e,0
fc69b20a4ec4ffc79738baec50356afed56ccfa2,0
fddc46c963d52b5461ff207b3a7a9a6909617ee8,0
fb0acb130ee8d29b04fd82275da7fcba876cf2bf,0
fd017ca918719d168c33e90499d0632765cff41a,0
fc0724de4d12acf79f77c26834741104ad1f939a,0
fe23e0bb7f5280659a26a5d4d6f49b339ecdca0b,0
ffeb0ee2add600e97d47379862626b18af7a07a2,0
fbe328258f2229e66cca0a728f40658a60734023,0
fe5738129c0ad7db2bc0acb5de8c92ae24dab658,0
fdefe833107fe4b344ca49847b7bf4482276340c,0
fd399c8391b83d84dde14d2eef1c1c4e5f6eebaf,0
fc5ca558b2d9ecfa3c825d4e85ec1db7caaafb89,0
ff87139f796f2b403073029bcf7acfb26d59be3d,0
fc324b1d3427ec365c2f073c2c1c78e3ee072de0,0
fd78e5bd1ddb683520aafc2cb40835b23d15f7d4,0
fc20ac5241e7e5c905f9a1f6fd6d2a6d28e75cb0,0
fc1a4ea22bc8f48ee50e5eb17efa00cf6e9da3b7,0
fdcc357640b38324f62df700078a87b66af846ed,0
fdddb7703857373d7bdf5c62dd70bcf51f16cf90,0
ff44ed9e91ea422c3ef52063c06c36fe008046e6,0
fe237f221fc5138c4a1c49da7472d55c3da305c3,0
fe6c3c80e933016102fa1e89202208efcd7dfa79,0
fcc26edeff9c187bc792d5c6e2ee370a0b0cf4cc,0
fd47cecafddb89837317c4fa13d1aafe6302dc3f,0
ff2d7cc0362602127b7190e3ced192afab229d39,0
fe1efaaff5e49462b1bae71628d7a4b23adaf55e,0
fe17ad2ca25d2f6425e898b034246f771b401493,0
ffc5efab034205970b0f34670ec2671abe046499,0
ffb76d91ff65abdf9ddbd497d5d47750a0d45831,0
ff981a98cc01792f8c7e411a61474c54faa0fdd0,0
fc163823f3cd27c22a7cd566eee4ca3291657479,0
fe4d2320e242a096754c5415e1253fbf1d3864ed,0
ff6d03c0e587cabf65ede961f99b9c8aba4d4cda,0
fdee5d7569e67211268301f00b8ec888c9325ccd,0
ff6f08039e29cc6ca1e9df26b705917c71277956,0
fe46f7c40991a8394bf39692d306c9f3d5ae2f5c,0
fbdf41857e87c2669f278edbd484badb11f3f92a,0
fcec0ed844d7d84070c60883c2b4a92bf8a0d8ad,0
fdfff6fe55d66c3d148ce61c34754a5e6632cb34,0
ff87b352012884e84a71f5c6cff61610902af3a4,0
fe68b75e611e93487a7baf7f63b137c3d5b452c8,0
fd99ebedf0a494804e90b6c865d49bdbc3c2d196,0
fc74bd35ce0336cbceb03ab31cda8c5d47de5963,0
ffe937550aed66e3373d31abd16608c7a0481337,0
feabbd7f1fced40ebcc0f00de61df25f33eed94a,0
fb4a093c800f1a2636676e2a52d1d789e710423b,0
fd05469460a67170857acb6f9a930a665592b7a0,0
ffa296b2f9506920b3a72babc8de18de56845792,0
ff1ec37721bd2def2047b98d1a03e25612356d55,0
fe7c169b8cf2cec9fefc2e221fe994761f04df1b,0
fd15af1a1e7f519f4752b1309d7e12c07abc1dbe,0
fd2a193f0569a3eb7cf3425be377c37b6b41a24a,0
fdf5174ce81ab8b1a1e3a54460df70fd76a33b73,0
fb9d0d06e3683afd979b92173945d8c829300018,0
fb9b036be976791d935c03071936e48b6d0db919,0
feccb27863972ef2a2ff5c0a62e7ccf645e1c070,0
ffcaef8b9006b4d0b128328e6df6e4d139d3c40a,0
ffffeb4c0756098c7f589b7beec08ef1899093b5,0
fec71d3fd0c15cb6671f2d47cdaa12e402943081,0
ffb197a1f4074a833a7387905f67477cbc2b1a8c,0
fc27d2daf5af9be95b74ccbc82590d6116a7c0b5,0
fe8fa67a97e48885b2c0fadcca272e9f939247db,0
ff3244fdc295ffe0bf51939dc42079c2aebea6b3,0
fd15e1e24064fff690bf9e6bd6df7eef69d60863,0
fffdd1cbb1ac0800f65309f344dd15e9331e1c53,0
fd6eb18c9a80f36425011640fe8fde122f0e386e,0
fdf5657cbfe51d9eea1f70cc514bef517525be95,0
ff383e4416a122d04fc08dc48eac4dddb72e5a6b,0
fdf0fe17c3c4e0e5a09f3422d986892cb4e1bee9,0
fe1cd6c3085738a6ba79182298485f28240ce2d1,0
ffeea8c422d6db1b243738eb11343712ca368327,0
fcaed26a136e8b86da06c86db06ad1b3fc28e2dd,0
ffa24ce586f19908eee0e91cc6287ee334c9a90c,0
fd0d981cb752f948a613da246bc49bda4c4b121a,0
fe36fc776a6918d6b6558a98bc600d1867bb4235,0
fee242ba8855f682683f9dd8754c1359ff96334f,0
fbdcf713d4c2488d20f4996c4261c61e734a1007,0
ff3869720ae06c6ea1e2b55cbc24f84d0e32b458,0
fe251ded42caf0f547c53fc2c6bd718d54aa8300,0
ffaf08b44f1ccabb176365945bd380509431326c,0
fcc7ef4d90189ffe7b5ea5f87d1ca02bb3c7f2d4,0
ff436ed8b74e0d5d1a4206776fc4e016b1b793f8,0
fd15dbf84290ba74afd152811c115b597f6f7f26,0
fcced9a4de280e046406abc32518286da605f2ce,0
fcc9369030c980d81c913784c5adcb474a137533,0
fc86640eff420ed9ea8201d641c23dd6281bef6c,0
fff204670ae06ad729b2fd57b65cd8a2074626c2,0
fbf5b3ec3ab425816a0b1834a4aeba6f62a18fe1,0
ff841434f9dafaf242c0207e99ed472e2180afd4,0
ff9e14fbc952b89e0e7f22bbc4bd680944096192,0
ff497cb9b45e95ed7e680fee5ddeb4afd6fe75a6,0
fcbc6c49cc2989b4a18db07a81913e713b34bcbd,0
fe603b3477d83701354c6247ad54f079a6066a39,0
fdbee5adef42d375ab4ea55e1800401d4409d21b,0
fd25e1e4de22140e78a7741906f940f7fc4f309e,0
fd6dac90d6b9674e595a0931eec7268c25ff1d86,0
fb7faad5463d8e342f0f0e0e0d4b31cb34d3f9fc,0
fc57f9069005d7589a5cdc22fc2ae03dca11563b,0
fdcb0903020c0630fd7fef6548939778a520b553,0
fc8d7d6eceebaae6cda75f08cda9d6d80d256cc5,0
fd3300b9d2df973fb87e577e1a9db121ad47d0e8,0
fc0b47b0826e4d1d0bd9485c82a705dbdfefe96b,0
fd3279f10742ea5f5e9e6df53ddc3b85141fc74c,0
fea0007cff5a69aac25961dec39400d1dd463763,0
fe8dd7c1775ca2af450e788013d892186f8e8680,0
fc96f25232acf366714833e8b9b33460d30a0b03,0
feceaf010c722a85dc2e6e4c67747f0aa63d53f7,0
fe5a0f04d89932ab9264306bd9495fbb21a88abd,0
fee651a76ea40cdb44730a3388fc9653692fbd0e,0
fda2257e90ca9d5e34fbf53eb4ba777e040d72af,0
ff43c5f93067cb8155d40d541a9075a8d0e251bc,0
fd517274998cfd379a09efe30844712da2ed9f11,0
ffbc4b16da5b367afd5491c7c1a13805c84b91a3,0
fe50483ea2cb952eab7fe9db9d68c3ef6d4c2a54,0
fc5bd07eed456da27b37e4e0b500b57b62d9693f,0
fd7ba91fa453c79a3df3f4875025756684c74144,0
ff6d7bb91339c2cc732b93b947da1fd8800fbbdd,0
fe165ab24e0ee0b101f807bff864daea9d932085,0
feb2331fb526808b318fb3fcaf0b733ee3194333,0
fc3ce5aa08d0a318005b9ec28daecd3a3474472c,0
fd2a248f062befd5b05597fe41ec0afd843d129e,0
fdad9c4811d86a2b98a77540b5610d0b2d819793,0
fc966d36af87bab6066b1dc0674d46172b0c0ae1,0
fed48b7317af60c1f950f0d9c8d6f30900cdcb20,0
ff175330ccefc608b1bebde93fc399d4a3f87e53,0
fdfd6b8eb76bc1f7a05de74d582e27f7f77bb2c8,0
fe6d74ae4474d925055faa41578ae2e71892517f,0
fd171073e018507343ad3046b95742f30f4ca7d9,0
fd13eda461a5515779c5588ab5ca5a408007065e,0
fd59ed1fdb19372512719073e1ef25d58edf8bc7,0
fbee30a4185fe2af888bd09bfe4866f660ded57c,0
fcbb154b4753864552a28fec647903f6187a185d,0
fea384fb763b6ef4632f26e74920b53775e6a081,0
fc03b13582c25c05cd1c52da3cb76ce1277c2821,0
fb3a0ec3c90a96415b6d3f6b43023147ba216626,0
fca261f41ada74f8f67ce9a544b539251c5562be,0
fe0fbd4ccde0b0cf071a33f730f5101b05553b63,0
fdf0ad65fb3b139ea49e156491b6fb44bcbb5b7b,0
fd4815a8aec587896d1354b4ed33952078434ecc,0
fbde14277c8e59e679898d68b1ce76440cd3ad8c,0
fcbd44d638ad413fb3d0a9709c53ef73d2c8f2f8,0
fd6a0e58da5957915ee226a3764c19e8d7302747,0
ff6b52d48f3c5275e4b47324f7f94c2da0a1ee34,0
fdd2e44d0e55f9a08abee5639f76d1dbd17a8401,0
fcfc5893227aebab626326e268e7dd3ceca8ca14,0
fd9e275e3290b2cee5d39a67e9203af0f0ce179e,0
fe0c887ac35ce143731e390b5bbc460fcd69d156,0
fdd4f040c217d8ce8215979051a492b5229e2d59,0
fdb426cd8af6c8116701a98dae62c3ce8ce59f47,0
fc2713fe13289bc1dbe0fde85c8cc9336f746d2d,0
fd384176dc925a2d92a81e426845f4f9a84bbe06,0
fbdd04ddb414ce6e9c9dd48c0599a099120be8e9,0
ff48dce7038f59c81d758b101591d88ac09eccba,0
fc5d8b72dbc97fdad271325649644070ee90173c,0
fb4e2ee9c0aa6891469de3281c9c0e824760aa74,0
fc6fc466ec8ae1094dead023c9f0f62fd9569f7c,0
fc99caef5bdf0d57152c9375e356427847ab7f4f,0
fb2bc07123aaa0058b89e26ccecf45f51137c701,0
fd413b53cbcd501741af4afc572550504a79843f,0
fe22d6858dac68353f7963608653b1891434d31e,0
fe410224137fd76464c7bee60c371ea170a39e71,0
fe4ff5aa1f587666ae1c85883a5ad58881a77cb3,0
ff836ca0a59597518147d12212c184064cde1198,0
fea6ab853ff39f53a831db7cea4892361a403bc1,0
fd409705dec44b4a1bc87933e3f44cc5853d4f1e,0
fccc77a93787f63638bb3155f352bab572e40ab7,0
fd3eb8708791893fe48c6e0b4a855e11660f7b4c,0
fe89fee6d0bb34eb48879d3cef71fed19b5173ff,0
ff938382f56fe589836728029f1f8c292d89b4a4,0
fbe43825b4fffafd09f024e373443043caa70302,0
ff4a4c9cc27db95274ca7860b20d446e03254552,0
fc6653fc23817aff6620186efec156f61f246d7b,0
fc65889501163b39933297245ef039d897b6be5a,0
ff219ab32ab2e3c09a448ba3c04bb71292ceb475,0
ff48b9d4411a8b787fdd623ae36fa6259698f32b,0
fc87b4fbac9579cbcb4faada5171ecdaadcd19d5,0
fd0045adfc856ff2742d3efaee82174fffa59f56,0
fb5ed1ce35288de8dddc3184674621166c218f6f,0
fe8bc08ebb1d4dfdbf27e9be512d2438464b81b8,0
fee66931ddc0a7f750c0011d033e88154255b976,0
fff49294e77f806ea924eff8484356ab75feef7b,0
fe06055d11ae8934abdd1da24dedf2e3782c2558,0
fccf4bc80a4c190519d411a65cd838823ffb2dda,0
ff2e6153efdfcc8d29866b8eb0d5fe4125e0fcc1,0
fff8c257c9fa44cd2604ff1887f25cc337565147,0
fc6f7f43fcbf4bde3f66039a55159d6ce57131f5,0
fcdfa833cd3b239719b3412c43b612d91f793caf,0
fea5fd55e73eb4f27d6202b1fe962e6207f98a9c,0
feda79d168e08a458dff446ab50b35d41b2d6938,0
fd774f82bbfaeed1a691f388affdf24b6b832995,0
fc4a888b41f2bc88937b727ff0b2b9f5c03bbdc4,0
ff551f9bfca7e0562c513d1aa041efdf67623d09,0
feb689b454de5f7a439d6e777e5ce9aaa4bffd40,0
fd06ec5be924126306123a3b2047ce2a914fc05a,0
fda63db555c388099711d573c47c1fc25650cc1a,0
fbfa372f521f8fc054b7543e83b98c3a213db33f,0
fc1bc4d6837433d9a217d13a843383aa1bdf22f8,0
fda945c9cede8e5e8c56baff93260eb94b93b1be,0
fcedc2ba6e63735541a390bdd5cef629866c9b7a,0
fd61c6f14135d4d4af9141cae2faab86e179e734,0
fe78a193733aaac74098cee2cdb0009034449935,0
fc67dd9abb81491f8c58de9065e2fde74c7b13e8,0
fe45bcb0836272679b8b7c7a7e1fe59cd6efbdd2,0
fc42d4b1dfc39cb5d26ba7855f672d8cbaee1e68,0
fe72e25ef2901f7d8a030e4202ab6e6e1bbc192d,0
fce1cc6fb0cf0d252a263ae8cbb12ae25529dab4,0
fc0dd4e313e9a2c1dc86642f0c109514f525fc43,0
fd4e354309ca332c8451d537f25bb49863efdba8,0
fbdfadf553cbb181f90480781040e855dd653e22,0
fcce07410018882bad740dd5a598633a8af45f5a,0
fcd6bc8d4f7f310eb884520f08c079c66aa60a0c,0
ffa19b6880d89f753f386e27bb8c16c47de7df8e,0
fff6aef707a38f6976ec5979c01d295671a7236e,0
fb2abdbeafdf2e15e0816187589190fd6db54afd,0
fe26260930498559ae60de5abf5e92c4d91d6e87,0
fe7ccc79012a5412b31b87060ba862657336326d,0
fb2a4dd173cfe6a2512a8a08b53acff285782ef7,0
fd8a4ff502916303ed504bc649ba44bae38d97ec,0
fc66b15fb8c6b798ce9af5fdac3172a2ccfbc6f9,0
fcc7060a1e8f47652524995a18b44e82b760f977,0
fc318146874c30c66fbab218e2467cb555fe0c27,0
fcd555afe26dbff4832086f908b836c0b1068f74,0
fbdd3943c82ca1026071d720a81f8f274f0e8547,0
ff84d562704c8b33c7874d8eef943e17f077985a,0
ff0c6304ee824bda8b91b453e478997a7ad700d9,0
fe6efe3e69428853ca312e75aadf8988b81bb311,0
ff73a7da6f183566f36d83264c585316c072d4b6,0
ffaa1ee8523022bd7c1aa59f4e214c29eb58e41e,0
fd04f1a7153a4e532ea59fceac88dc93aa214898,0
ff0641599a7c506d5b0052415c228db5fabbb67a,0
fe567b7b66b37e69ee7c82f5364a22e604b391b8,0
ff5d1ef54985c585d2751921d76ca6330a683b47,0
fe2d0266ee0b0397d08c32c110abc786b1e2b3a0,0
ffe7f2205d750486ba4b9ec56a9e7011c29633a0,0
feb3e29edd120f38cc49f3123499a12274c0c6db,0
fd09f9939f61cc3378fb5b58c93ba0096832bed1,0
ff0318f05c5fe3227cf6fa5f16abe3fc98fab973,0
fd8dd85da6d09c821e32a446fd4b07b547cb9f13,0
ff79d8194f72d923d4bbd98c0ef00a3a9d94f7f0,0
fe42bc0fefbe4dcb4e55077ca5d1746fcd17d221,0
fbe6ad55ee17b126fd3ab2a2cfb7a159e5624c67,0
ffd11c8f9020c59bd40758eee609e4eaef0ec17f,0
ffa33947eaef1204b05d6793c9045843bcf7874f,0
fe9847d347d6383f8a014451b5ee5bee63f40e7e,0
ff9af1c74e2b256df8e08a2c6679e34edb45f4df,0
fef7258420fccd32bcce06b167c9bcbf98121c25,0
fd4f4b19f3053c26aa6f12fdfb9271fdd9070bb3,0
fbe6aa94b761f08baa17e2c46fd80d5a7cf3661d,0
ffe13dfabb6c0a26b7db563c01af889e3b019d98,0
fe5607a3e514af72624271c8055310e4485db579,0
fefd19bbdb83d73735a36204fa72d6b6a791da23,0
fe92fccbf580dded5c954f6149f4f21a939316dd,0
fea100be99aead7fa553c01096de1e3e2ce72f25,0
fd706af3e08d097b567182ae7158bcd2520f7bfb,0
fbeb3e1c32259b24e4b313751a549c8b1e0c158b,0
fd71c5e7d682c0aa024f9c8f8e38839d21822986,0
fd3b88f17a25d57365d07817df21b97f32e60343,0
ffc652aa865371b161a0a392749c85d0357eb6cc,0
fbe9be913bed2a0c8fb830c1f719b2020b531c21,0
fe8f81cbfde276ac834d3d0e112866c88f514f69,0
fcad02dd6f287451a265c97df181d9f896fe13cd,0
fef3d17bb98babe0755f5090d6a80d7144f8d047,0
fd0e12d70f08c270f5efe9407ccccfe998f3fa23,0
fca328a9134eedb0ee5073896e56a6bfd00e4732,0
fd6aa88a35d42a0d147d3f045623ec9eacd1910c,0
fe515faa947b2c7151371147a46934f51ace7e14,0
fe187e1de8979f65ce8fdb42c90ea6ed6381390a,0
ff58f9d57779c1bb1720af34ce367938b5210c31,0
ff425b77bd2ffd4f36c18fa0d83973fdcf24212f,0
fe34be8e5e76416514917638a3e7176ead42b0cf,0
fc5f3a71599c108dffaa995ad156977c0ca50271,0
fceaa2f24b240556478852596053e24758668f02,0
fd0554f31c50ea7ebfd44f45a0caf8f92353d536,0
fcbd2eaac42e8e813a9974750fb203e665981b08,0
fd1e4cc7dd76d4a5f806c926536713441cbefaa8,0
fc9120ace0c14ed4d248543f07f1cd2ac09d13b8,0
fded3fc1abd68cd0b125e51ecc5315ba3f6eb468,0
ff3476fd89eab50b3d21dc04bf876e1fe7582dd7,0
fc7957ef63646a8f5ee40a25103c31aaba7b0612,0
fefad2b0c47e6448d7193509c97de3a14f19ebf6,0
fe498f5b992aa9b39592592a7d6a8e2b6fcb8b59,0
fc44f34022f2b41f60461a19e039f2db06857ddb,0
feb848f244e9adc7ef8ecf17ab90952101b1eb38,0
fde0279cf9eb964658f190d6eab8cb9a84b216af,0
fdb23719a7dd4678e913ccd2b9e7a1372b7c5109,0
fe474d34d5ee91a49955c217d10a5750e4e22540,0
ffaba6a029fa0b5dade4377238289ba33f416c6b,0
fd95d3e5c021707daa8e8f811027ef5f7b6dee9a,0
fd65b817f1323dd6731d18cdfc9d3b9e1ebc0123,0
fc02cd3e735f4292a2cf1068233684b6bdacc804,0
fd7397437d2d56ed1c03b9184c4ab24c82736813,0
fe715be96104a474c4081723c741bf835798e8b6,0
ff89202eca0fc651391af4aa4a9bf18582a59cc5,0
fced1a6b0f4b4257b8e07ddf8bb821b12779c505,0
ff62450f85caec673a4b3ae4a1014af022d0df45,0
feb290f85dac2bbac8e0aa3744d510c7747e72b6,0
ff1fe1e1d911a0e422fb52487d131ba454528ee7,0
fc656543506029dedde2b07c8ef9f3e183ed8fb0,0
fb7e372eb50eaa5cbd0415ebbeb3a0695e5d8c52,0
fc3c0b259b28eb92d2a81a9f319c2d4ec95896e5,0
fd70444609b3c45dbbc80bd1e610e43b9f706e0f,0
fbe5da2fcc8374bdf86524bd0547866231182453,0
fc0673b2405eddb95660beed2e12f0d08639a16a,0
ff9c3ba76e3b8d7ebbdc32c8a1a1ba4bd5faa067,0
fcbe296592b07681a91a89123ed810ee126c3a13,0
fceead894baef6d578c0555285e9bd8fd6e7663e,0
fc33f37929f4c5bf052e71aa2f4637f6573b9101,0
fc3c84797b4841962915747ec9a2b22f565388f4,0
fc6cf9e869375541a75693fecbb66b674507635b,0
ff5c39dc8f3d9c0066507a99dce6e2c9b63c1b65,0
ff1e1d8e045ddb3caea1df9f0ee57a74379765bd,0
fc60050e4d65754d10168f3eb878f90e542a4484,0
fec5040a8b0630d1f991824cfdf2cc44394a6371,0
ff63023f07342bc812c429c6416a4d3b7b83ed62,0
fffec7da56b54258038b0d382b3d55010eceb9d7,0
fcad36726c5575fd5df9f06256c01e583542914a,0
fb4d090ac643c6627f469311fc6ad3b5b2bfb99d,0
fd74bdc085bcd267ca7f7c2ac9e547efd0f9a022,0
fff590742f1679a2d82945956e944463333ac7e0,0
fcea4b6165183e95aca77269a8c3011b7246f6c6,0
fda23f50475037d82bd7a7384b894be42264a292,0
fd3a94255295ec28c73ee97420347d6a6f22e83c,0
ff0b5e56d7704f78708f0bcf558d9b0868bc7396,0
ffe6550627a7f3e1f6e4c7ceddedfe71bb1a2855,0
fe91ab01cc413c584047515e4c637d8bd600c4b7,0
fbf0598d33e149dce4f25fff06871b7e991e0083,0
fe33b4c4b8aac9ec9d8d527d4f2f1d520ad9eaad,0
fdeaae90396c8c32390fc4c0bbf9c8f4b621063b,0
ff37807b0cdd1df2860013e4fce049da4ad859c6,0
fc4f5f6316efce424e0b70d4b1945e3fad082531,0
fd800bec25115373a5220f91ef1a2b9855bc61ca,0
fe0d16f0117e8598b6fbfcb66de9195cb2a98a6e,0
fdaff9792efa864052d2471f9a82df85475edc6b,0
fc447b0d0504fcb87f40d2731c58c2b0cbdf3f26,0
fd1f881261947311fde333a10b6c6a848b814e57,0
fc413491b5f3650c062665e3dba0752d302c8044,0
ff5b713ae872515c3c329da942ff93579544ad9d,0
fbf3cf01f53d9473f95ed0e45bd5db7cee005240,0
fc4cc66295ef41b61fd2ca3b95c7ee99a3c8dfe9,0
fbff721872bc874445e29b7de5d1d8ee020c6d7d,0
fce554a7b3e47c1c995c9658447d20e2206bd704,0
ff654aacdae133610741f861d7323889236c5c38,0
fdc29680a7821a9946df8d41ca4edb20fcee3267,0
ff457e8322f4aef7084b52ac67760bd725fb4db0,0
fd85b64fc5f677636191bed45ff4eb290363a8e2,0
fb7fd4dd2ddb2aa0df622587f88d9bc63ad951f3,0
fe81c0a81d0b9b2c98c849116669aef9caf9626a,0
fdf15078caed448352f2c14bc3af5da067bc0e67,0
fd066fbef8a0d795cc5d2303cf19602459d45ce9,0
fc591395d3b2c37e59a226d8b54688f3984e0ca6,0
fd1a16a908a96e4a728c2b962d9c2e5da9937bca,0
fbd879e40b102289f753ed2310db3a8c0f9d0db3,0
fd6e41090039320b9609031ec1cb651739be2191,0
fee4eae84fd224a520cc10befe217d3d8312c3eb,0
fe4dcdc7a3485b99e13e23f5957749effb2c2648,0
fff726415ca9dbc3da87715e68787153b7a06b99,0
ffd9bd97656ecf3083e69fb47e3b6682e281b57c,0
fea15c3f87ac222dbc29192eed1ae8669ca30ac7,0
fcb3d4c0f9023638fb97bf73910820d311bc50bf,0
ffbeae144f668bacdd414f2d0aade17cf8e95e95,0
fe36ef5b9e3d43f7dc14728a503f763b2c9aca0e,0
ff0feb5f7240b25138e6ceb767a2932de8fe8c72,0
ff5832297c71dca2f4f3f26f080fb661cee1b773,0
fc529ba92bf0b3201890a778e3c7f50e7e03a1de,0
fcd984198d8e9ad2d3432cac1e5f05b3a3431ee0,0
fc9119632f76a83797f69bc0973efea59594971a,0
fcd7b4ba9393c9311a6b84bfd9fc08fb5a416bb4,0
fc9a326b3ef35b6c1dbe0840156cbe0932f0431d,0
fc843450df76644ea934762e1c8eeca613fd7eae,0
ff4f3e295d3fba3189ef703450dc61586b30f0f0,0
ffd94f6feb530f5a49d58ddf5f92d3bdf96188a3,0
fc023cb4376677b9a5829fe31a66015b6f765900,0
ff4e82df62afc11db738b7787740b4d5556b8972,0
fe358cef6a103878e25e2187205d1bcdd214e9ac,0
fb2d5bbec7493a93d2e27e3f46747d10a91ee5d5,0
ff4d76e1f5f1323c4877286e32c9196db4af65ce,0
fc0bceb35a9d38228388d2a82bc8d1af19b8351a,0
ff0b2a5420dba099b52cb3dd2d23506ecea7d0d1,0
fb6c75173695ecb9812075731c40276d8385fb80,0
fe89f9df42b789adfbfc565ff69c37e4d0ec8e77,0
ff39c76cafb50993d023bb84488b44f7f62a5f3e,0
fcc1f191e8af95fcad317c1eba1e680b5ea16df9,0
fc13a8b89dbb58afa9df1d0d3759b516c92b0d9f,0
fc9fe5b26ab7d5c1426d278c12b72f97eac5d2a7,0
fc0f7763b10fb8de5e84e35b5d1fafdbb8e555df,0
fe5309b665680dc63cf2babf8ef656de13ed20e7,0
fddbdafbd88ba99038a0a3c98a3289299573c750,0
fe828c1a6f92a64d83c50baf898261a531bef860,0
fbdad48efbca2859ba37f5c5db21b903ccb7dfc3,0
fca67427290124c9a1891ff4b3f7575fc9d94065,0
fdf4539baa4ef54cfd0d957fd911e83e85f5e0fd,0
ff05ce12d8011edb88ec265d07b4c2a75d827146,0
fc985a273d6ebb9bdb0285d9dbeb4cc282089e7c,0
ffab1e50b367760f7a72a424f6097bc8c9554d49,0
ff0129a5ebd214f6eb43c67c76797ac2e041f96f,0
fc2a23090cf3de108248712e845addb6c24242f7,0
fee35719c17d8255ab0452137dfd3bdadefbaaae,0
ff998ff4862b3e8e854892e2afd437a14384ab55,0
fc355d30ebc900e875cdad7efe23fcf0c72c1926,0
fd0b6c31a797b2f3b3b8f46c5824392c8ea929bd,0
ff40a8b50ebd27e4b8c2de1be49845a3e77eaa75,0
fdf6966d55c7f377ba21a42afce3ad9810c5836a,0
ff3757455889b14c87b77added15903ff5c73527,0
fcc39b434671f14e6aae4805627e8016fe89deeb,0
fff48816ec621b3b2b4444279ac01382b74b5058,0
fb3a5706d42ccb1a8c0536364398bc7dc6fd3b45,0
feecdf208ba6bf3bcffd64188034de8ffbf94c99,0
fe31307968d4dd83a83a7a07c05f8d948a633e32,0
fc89ab3383d7491ca4bbc85c5431b1186b011b1d,0
fe7170eff42478919d53826397843117de40f91c,0
fd532d3dbfbad408c0a523a3347bbab9f665902f,0
fb4ac5f57c45e117a03410fc6602fc495449a39b,0
fd9711ee3e7a7c2aefdc50c20dec60bed40db08f,0
fd1cbc8fac86b60d2219ec07b762f83b52267887,0
fc9ef8896a5bb0051ecd1e7d7a091859fa0df9ba,0
fd6d1932301e87d187599af7594f93f1eaaf8534,0
fc39b652042d3f609afa2bab6377d25a55e5db87,0
ff154e9c32c2ba09673df2707c801834d1c3fa2e,0
fc3279e55e32adce0656cff7c521a6c30cb9f623,0
ffff276d06a9e3fffc456f2a5a7a3fd1a2d322c6,0
ff2da551dde9e58f4a1554faa1512750f8e322a0,0
fe5589bbf4761c2193eb7fcc0004daa95c766a3a,0
feaeaf2b162d945eed6d4dbab13c24845d4afc84,0
ff60bd8e7b59b5a72822d9721437abf1c3ee2d09,0
fd4bb8a4c29bdb08e8f9bb13423b2b65d8a77c1f,0
fef17976127a08b2b2bea1bbf2f520178f8b4a8e,0
fb2f9ad7fe643b23e2e32b849f2cd5d45d3e6b7c,0
fc1f2af8810e0a939a9116bd3224f88642f129c3,0
fdcd1a9ab4007024386f887776281bc977cbb001,0
fc5393a22847ab2bafcb716b457213e7af2b4688,0
fdc2352ad0f194b9e2cce1f45874b7738724b6b0,0
fe6169c81ee6e7f27fac3a050a81a5a4eaddfd0a,0
feef89da6da6c235d912be1400f9edffff5dca7e,0
fc043e28ab2e4d314652d1f6c5b930564a80612c,0
ffacd76911c4347036730c718e080f8dad59d788,0
fd5474f8bddca2bd3f6f51abb2503ebc921921f4,0
ff757108a5d956f416ad34ef511d9a2fb853fc86,0
feb313fd0ab4b31e36d8e10678beaa3aa45e8d4c,0
ff2cc3643676e0a6dd1f9b52eb4b6303fc2f4246,0
fe7e45cbfc43684d85cf624d84b982ebb09df16e,0
ff76e7676225689eaac694a9b7c199edad287c0d,0
fe10d99658672143f15d6a7f4c403de4c60f8667,0
fd89abc2e53bf3a699f7535124def2b7058532f6,0
ff99831ff0604969e6194d4e3cfab3b6687edabe,0
fc96c5b0d18175c3834ad43b6524c406b9bc48e7,0
ff50793ad6d8838830b47e5f71627e7dea7d4875,0
fbe965fbc87dad76b54b012c2b1dee591fb2ccd4,0
fbf8de7040056d6e71af3ffed28707bfe66dbca2,0
ff08d7a2adba9ebe9238fdc19dfe8832288a658b,0
ffc9c4197bd8f70ffe80c52cc006e739ecb33401,0
fd412d98dcd2ec63398acb370428bd8f339d492d,0
fb0d62ea242acaa93a1f5ff9216f5f39da0db96e,0
fd729f5068cc225771cf03f16640c3155d877f36,0
fd4b8aac3d3b0f53a6dfef627f7eb97d231453f2,0
fe6294439e7855028fe811b107f4dc95d46e287f,0
ff74a41a9452291038cfa1bf2c52740c7f3fe609,0
fd971110c642a6df00f92d9ab502ccd9146b78fe,0
fd433164fe5d85452f25d8627f93d19683a98f0f,0
fbe8ccb3fa7b5de12073255f5e70436e0334c919,0
fe9291f1a95ce9244be4d215d6218bf46d849ce7,0
ffb5205019ec0361fcfbd0dd60f369d6f5f481a1,0
fd6786f63ea49d36f1d3429dfa803ebe18e70362,0
fda9731bf415205faa05e1e903bbd74558e315c3,0
fffb109428e7c1ff5cfaa8ba49c657fc13828bf8,0
fd5856b8b4da78d1446d53a6af986a7c567882c6,0
fdbbf93043919cb14f2ebd26908d5ad8ee6c4e58,0
ff1fea83bd23a87bff0912923478388b6c7cfbf7,0
fc028a9d264f1274f5fe2f88ad790d6157612c2e,0
fcda862a0304b5e6817a12e670cd40faf4217f2f,0
fca08e4ec1284984dc7cad3acad099533626261c,0
fd11fd660460b543b32e5f36c2738a0faef4921b,0
fe0a65c06de2f0b1008e43e671893c71da836dfe,0
fd0b0a9c9196f8d77cb918d14031b936d0ed8775,0
fcaa315cf758f3656f9da2840ece42f63756dc0e,0
fecdc810c27ba53f7cac43ff69540d733e771ee4,0
fec958fae18bf2f99b175fd90f49611a39dc1b79,0
fc000830b5145d652f548edf0b2e1ac1f95aece5,0
fb1a0b8317bd5edf7f08fe384759dc8ecfc98372,0
fcc22793ba8f4663257d7f7a89fb1628f1419474,0
ff4311a611a8123fe0b023deeacfb5be9928ae27,0
ff47f5c6363147ed9642d3e60f383c9601942f1f,0
fe8b5787c18249ddf91f745915fed3a6bacfa86c,0
ffbaef53c4d2cbf41df09314799a6ebc3ff6d089,0
ffab7af13b939123d7fe94518ef183d4c61643c2,0
fec6b0b4f63de0cb0e47e4b8a8bdc3c3dfda28e4,0
fe5753b972882deb7624337257d7c294e2d2afbe,0
fcbf9ac7669c6082f5d1e635de7562742c49dbc5,0
fd756b3a3e239e5009470773bc251a0808710243,0
ff67b65980efac3d361edcd6c8feed5e7d28efd5,0
fbf5a71a9eac07c63cf49d16d1169316df9978ef,0
ff83d4b309cf870b0dccd5601ad00ddb1ade961a,0
ff50ce548f19c3d476c83d78660e991d226dec28,0
fc1838d07eecde5aa145dc862e082e3b7ba2c6b1,0
fe470b625de77be01b6c2b62e2a5344dd2aab863,0
fbe6452c32e20e6620cb38827ca08829a88384c2,0
fe594030349ef8d1b8a9202115143b941f5f7f9c,0
fe018e80cb06685b11761b2a70a2881a1c631a76,0
fd0a060ef9c30c9a83f6b4bfb568db74b099154d,0
fc195cd47ea7509c02bb23423cde7b6a8b7f7417,0
feede6637ccc226d2b373cda46ba8afb219f1ba3,0
fc3330f01b5acb0bdf00d38bf909871a7537a3cf,0
fbd84395f78e4b772a119d03c28befd16a1eacd2,0
fb5d28c1e2460be068336329844d974e7cf2b3ac,0
fd9939d768a3a347cc9b8265846bfd3d494b7d5a,0
ffecc7469b67e16e16456e464a99bb5620f0cd9f,0
fec5b0eb3f37b406761d22e4edf02a74e735e870,0
fe25f79924a51f965ccbecce2ef9350e99082a58,0
fed9cda29307368f6e87d28311b6cef3c3749fb3,0
fdcc97708ff317e4a9e49f949b1defe2cfe2b90e,0
fcbc815c364156c202d815b758e52f74ec39cc8c,0
fe63b2bfd8c80b803a2d92abef0291f14cf36f54,0
fdb35cbce2f56d4f23e32bff0e47f0107934e159,0
fd9a93f82061cfb0be15b6292d3a880474764b6a,0
fd64fe8ec055361bf7f03defd13f097975ca25fc,0
fed3e010b0f12306c62e68802d0de91e53d32820,0
fe8c4000ea6105796ffd54900c1ca049cf5a3a15,0
fd5c57f2fb52e76199d75374e268f08901622896,0
fcad807b4d528acb844629d93ec204c954b200ce,0
fe21bf95c3bcd07c4786d90abaa28de6995a8c76,0
fbecbf782f28735c12ec6b914b0750a0f52d1389,0
ff7e5ca1d4b9621693c85baee1c3ca00f1f01768,0
fc9eab2c0cf7e8fed2f5afdba6993e92968e46f7,0
fdbd42d2b1aa7614edb21111b2b3fc86f5d2469d,0
ffeec967ee78e98a8e55645c41f13b8ff5e97d0e,0
fd7e40a8a2092880723480206e5ae8db7bd03902,0
fd4d1f5058e6faa422065fed6a568b2e258dd5e6,0
fbf34ae6a8e000ddc58d6e5331035421fd508c75,0
fe2b9ee93926a7c05ed0bde83e846a4eff6efc29,0
fb0b047d9d601443a5baf2180154414e05bfc282,0
fd89b674ea6b922dea987ddc6211eabe829f3c22,0
fd3bab4a8e5022fcedb515e2d19abd5b5fe735c2,0
fe5373b7e5cccba70aac77f4cb79c12cfb93ebff,0
ffde884ff83a5c3ec94953d15de61513f0a54794,0
fdba5c223dcb4c721d19d698b8650091451e3428,0
fe292d27983cc8d84377b3bd042fe4ccf4af7636,0
fdf5578636f0d44792d40c36755c5bcdfcfbbd31,0
fe294d13f44f60dbff185e849090d6dd9b1e60ae,0
ff871dfd1ba966287339d2ef464fdbdb2762258e,0
fca1fc5570f852a2838307070c0638e2e37991b7,0
fc344d29f7e4d622838a2e04e0cb4f6298953ab7,0
fc1207e3388a9ddea69e59db42c2dbe920d719d9,0
ff71a6ff3112dd0bf17702215bf9a8a2a0e0a55b,0
feff8973fd1e3dcae6ac0e6a6a9945ba7d043807,0
fe3b5d25891d460760d1b135a107a9779c2f80f7,0
fe8166375f698b62300bc9ae1b9c6c21f67864de,0
fedc8b20477ca5018c3598197f69aa8b70da0314,0
fc301253f5a041b0b69b793ed173915decca87fa,0
fc52330997e081170fb14d830260aa1a8e2e22e2,0
fd4778f4b5edce2f13088b0c817db8560916e022,0
fe9416a79d066b2400d0b00e367ffa8b0b9313f6,0
fda8bf1c217e89c7fcda7332113a3207af8b9f56,0
feb8ada3a94a0f3f01769832817279630a406682,0
ff49cdc8186363c9536dae8463c53dbc8521c36c,0
fd15db5a901bce725f837d6df6e65a974b25b06c,0
fbee49034d627407cccdb732b5a38d469dc9a4da,0
fc0d2d5746ed823c7075b96830acce46bfebd0d3,0
fc252da0c98df900a120bcadd8451d5f21695029,0
fbf7ecae638b1e313bf9d66695ad8ba9f1eb66ca,0
fd9740f214ab30d23fcbe8a384b0545700d425b2,0
ff2774cae8b4fe3ed352731a61e3514f3b711034,0
fd1de1704022fdb39abd1d0ae7c7f41af71913aa,0
fd34311d89545e6ca6fbb2766ba2aa43697cd32b,0
fec842cdfd63a6519c06b36987a43f7f68bfab37,0
fe0d4a1308cc9dd2307631cc829578eb9264c15c,0
fe660c103910b54e7233f912e7a5babad884d09c,0
fe85a6f20abe0bce00651a84547ce33be9f386a4,0
fc4ee23787ebe04e2a0b628cd00de4b8e4cc94d4,0
fc1b561c4942f7e5a7ed06bd281cb930c3a6655c,0
fcee7bd907d31a1ab7bea44b9a2861b12315dca7,0
fcdff2d095f0a0a0522a59fe920c0df1151ac89b,0
ff9eb5fe41caba3870f7e9d901f4f1173ca73417,0
feafdf037ab6c920e230d4ce1f2695a801511662,0
fcb23e360edd7e6247e58e25d17c5124a199bbbd,0
fcaf4664e9d36c2c2ad54cc49ac5604e6421fcf1,0
fe7693abf9cbf77fef972c35229eb4ec0dad29f6,0
fc438e15413142b4c2ba5c86a44c7ba1fb1cbf33,0
ffa25e63837784f4b4ec0eac45e72e8bc6a960f2,0
fb4b9390c498a7d2a2b5df8c5db27f8ed6dcda18,0
ffbe176fd77432fc5623c6df90b18dea62b09ece,0
ff8a579c5868226127eea98d34e1dc956504882e,0
fdcab2e94c12679fd3efdd243d082891b909a1ac,0
ff5484861bf425aa1cbab5e4dbad4ddbbc4b545c,0
ff216c59e95788decbe4384534be93add4930206,0
ffa888047309b9382531fb31c634180fa00c0716,0
fe1752b4c0212329b10c2aaaf0f0764cc516736f,0
fe2fea35c8993d1d3bbbfb8a4330c2ead3c39733,0
fce1338a000f9503658512176e31902f3f4e6352,0
fdc872132b6a13b0e193ac0329bd1f5b2771939d,0
feea3f677e81dc490825c2d115c46e13b638a111,0
fd8a896f906a867f43dc69a4354002d063b42f96,0
ff1c453833a6134cdd32b9b29f663ebda9d86858,0
fc54588fe4810d55e2c537fe901cb241e802ffdd,0
ffe71a11275c489290eea78e98704b5f22b22ac9,0
ff9539b3decb96115b861d66ddb0cc67399ff649,0
fb8ff7de3125f543de7da8686bba421be69438bd,0
fefd5106efa52ba938797303256c35bd4271ce0d,0
fd6f25e252ca828270f335fdfcb8ed5f207481be,0
fbfb398fd377d7b6354ff518e130b977c182c901,0
fd64f5d615e4d0384253b3b99a20f2b4053fb559,0
ff913de3dc7b9981d69c6cb0c67f72d1f8d663ab,0
ff9a4da1e7da1e345f567eb17ed915a589f84822,0
feef4f36edea6ecd3160999fbe3822c39493265f,0
fbe8ff3d7985a5b4fe2537eb7418bf2f7786ee02,0
ff97acf7eea96537e16a907cc4ffca0bd25c2622,0
fe6ce4c67c944fed5a4439c9389c2e8b62a760a2,0
ffcdcafc56205f142642ca565e9d3b3eca0ffa48,0
fe0a59b250ae293ccae0bd5c98643202d4b1bde6,0
fe2e91b0bb73403fbddc9132eeccf23271b066fb,0
fc9a1632732dfd59ebbf82c8a100bd5aa6ae440d,0
fc0c25ee3d2468aff92bb64361fbaaa8a7f03abc,0
feac1fe707e8d9369c68bf1074c10f8aaf8e4bc1,0
fea27328d83e52ead2218bd892575f6a07687c57,0
ff065c535fbbd4c5c010e3d79f509466b6924d12,0
fd887a28980e34dec60ec67d3f3ba374d551ccea,0
fda01d5f743af6a5798f2f9e8c33438100f52536,0
fe6a2e6c9b5dffa19b4aa18bfba241de0630b822,0
fbf19bda106349f11566c11269f2eb2ea914268d,0
fd2ec3909df390fa87d6a5c5928981300f555d5a,0
fea2fb5fee3db4b5862bfe3cf939734dd11fd32d,0
ff027dc107ec2b092ebf6a6665ba119e70e776c0,0
feb8e6f03f42f431ae27cce5bc27b5b77b44d125,0
fd4f06b104a91af105d91fe7b3bc05c233237eb8,0
fccac3207033d1bcb68b3613eb9bb61fa767c236,0
fb2e2daad67ad438be5c981df38f60c288451255,0
fd9222cbb51a2d374ff93a851e880065e153597a,0
fc4d778d4515262ae86865c641942a505245037d,0
fce861710c3ef62b48d5892b0b099ede4d4dcdbb,0
ff56933b597953bca5975749c091eb4345a00bc3,0
fee30d5e7fdfc6522a4d311d7b72414b27fd8daa,0
ffd9d0fad4a2fd96ca64fe10f52700c9344055f6,0
fc2b01edc669440028776c3b3fd809b2fc0f1c80,0
fffbaf2d17fc95a855fa833bd08dfc20aa18d232,0
fc33a2eea3c1c0b678bf0ee51dba8bcad789fb72,0
fe8bdb84116d8642b897ecf2efaeb2b0dbf4d5cb,0
fecf89ca8e4be66a4a213bad286a75edd1bdc18f,0
fe51c1ef5a421f827ec4efb2e69ee0a53aca8f68,0
ff426ea9ea9ccdb01bf146af51f9284b4705ec31,0
fdc01b45a5cb1a41839024fc3ea92b6662a30e79,0
fc54e4594a4cce7b34ef21e9b89508364e6106b6,0
ff0e3b0480467bdd37bf512ebd0b39f3014d11f6,0
fd0b1ee775d2618a333bfbec23fd3e41f9675d77,0
fc03ea76db81470ea5e27f1630d793f07f122452,0
fbfb96886ab9501c9b62505ba521294a5b501672,0
fd1ab2f2d0ce11eeb2a574d25a65b1c72ae73cf2,0
fd1ac81b8356fc8822b691365bf082e560456eb4,0
fffbfb279c9c378af5c362363b841a38bbee3294,0
fd35cc27c8f5cc35d08aff5be7ae0e441a26e07f,0
ff2792619846510c076b652c51aaabdb9c22ecea,0
fb8abd88acff0ee84c3e6ff86c299538f80e3694,0
fbfed35d2dd2a8dec48341ca716d8016d39709c2,0
fdaf5928798ed5f7d5e28ca9139713ffc55f7787,0
fd9489d977c3260621a2150741f7342134644192,0
fd42717873ad1355f9c2f94d276a9152691fd579,0
fde54213a10a1175d1f7f55541a41e4accda3588,0
ff2fb76d919e037e838a4265fa67f25c2c87bf52,0
fe1f4bb70e07971f981a63a7ac37eeb2dd8a0490,0
fd5cbc11ddd5d998db72a0f6d822013eb49e6a1d,0
fd58d1fa3afab4ac79a32f044fb5a15bd7b7114b,0
fbe308a506239085d0b5842a7bd854c51d69bb5f,0
fd858ee0299d1cff543f29cdefee49cc8f6af942,0
fb1dcc3fdf36aef4d4201405ee0e848224c48e82,0
fd8740fd2d4e0e76ba53b57b1ee1bf3818d1be1f,0
ff5f352a6846aae2d24fe76396beb45916f3a76a,0
feadc3c27e169a7b760a472039f1418df024ce2c,0
feb5f2929af2a0a9de7cb89f7040af0cb7be4eef,0
ff3c3608fd555bc2062c88c794a3b67b4d42549e,0
fdf807cd96e213e796beabd4b0e9aa5477b5f4e1,0
ff509d72095a67ed1fd2e5a85234c7e904fb0e17,0
fd7921c1939bdcccaf6afcbda7efdef2104a0f91,0
feec6e8616080f6f58192421299f08270e7bd489,0
fe1db195dce553294da5f45e0a17cc0c4afd7f4a,0
ff2b0dbe7a1ee0d92838255b58797521105557b6,0
ff1ae8a45007016bf18f255146dbb4a238d66e0e,0
fd4a75bc6248298d7ed25f399c4346b060ed8941,0
fc77db5ed334bcd5546b55cbe4a4878bc60c07ff,0
fcb0179c849960193d8ab5680212fd9b3be0c8c4,0
ffae273955f5235671de70fd9bffb15c35919cb7,0
fbe0f86830b2eae28da052ddf319a856a6657873,0
fcb32d3ecc1d16cb0c494d719b9188af83417fa9,0
fc8ffbac75e8718dde8d69771fc2f4efc02572ed,0
fcae68f2c1612bebfd51b1086fcfd23c50bb291f,0
ffe3885cee9014049d50c11772aaa189da573fcd,0
ffb9b164d81509cd57fb7e962e78703457b9c64d,0
fced99d89d91fd7299b18f4750e716ab19451be8,0
fb7a0b06dfd38d090b57ba17ff3f76da637c0e1a,0
ff9912500b8175e5a6df793bd2a6e559bfeeb80d,0
fb9ba8338788b224f9aab7cae55f1caf52c773e5,0
fd403c2efee79d0eb85e6b499b21bc640b4c3b77,0
fd36511ad58adbc910b2cbce8f7839cbd4e424f1,0
fbe27fa35d5acf1f2962552e399b0b270a0068b5,0
fd24b38db1b01d44ec394946b01eefb0c021a24f,0
ff6b5cbaab399f1d878f381009e00006816a8fd4,0
ff84572a68341ce9c071fd2d047b4498cda5ae57,0
fcdbd0f0091789eb142e8da4952969d786e50d52,0
fc507ea2d1c2a3fa7bd8fea5c97c8b729eb40e7e,0
fe3dbe2eab5fa5baf85c7a636e0c92ecf76790f0,0
fc118e0945b771a443ac348eb815cb96833f56a1,0
ff3eabd72d4b7e4f30d329a64ac1544dc43e2a4d,0
fc6dae3709f1891f04b4832fafe120999fc667ea,0
ff78e0a09862f8e8e5a0a794e816b51311d0e86d,0
fd67cec64d8102587ca2188faee89f7833a2a6b6,0
fe5de872a19fabea4e135969b571417663283b76,0
ff93232c91aaa7884c0ced38f3438ac50cc6e941,0
fcdc3f2e9f4e318029dcc599f0f7b9c79f556658,0
fd103bcd197d49f19235362079d6690395247380,0
fcc6ce28acb2dcb9ab13cab3e8198cefe664d761,0
fd22f0182a53868ffce0cb0fe87834f259d8c6f3,0
fd8034f6dcd1b518895edb9e9d887a42abb4f155,0
febcc889ed99a50c60bff99e8168082677a88e08,0
fdc9b139c07ebb169096c655db38afd042f869e0,0
fea70e388fb7ace59aafe7b75a71833fdfd41ec3,0
fe0ca4e741e751062c8c3324cb46176ecc9c5ffa,0
fd31475990d78b91123e7adef749fd686d4cf682,0
ff2fbd10f43de5dfb2ca1d55813910b8b9134cd1,0
ff90ccb674cd146c782f32f0fb8a611cb53b70d3,0
fd61e7c66e78191d9946a6fa2120e6333c3d9a27,0
ff72c04285947308f8c6331b1351abb605cbcfea,0
fd00f2e1765e2d325c157759472f64fde82cd667,0
fb8f63f2f0de17dff4bfbf76c29f85773b3673e5,0
ff4a2c0f78e8858fa49cdfe510bf69468898ed78,0
ffa289d0dd27a570e2775488853c991c7e9a2ef3,0
feb97485c73c19e019d7d7a5a8879fd6dc427adf,0
fea5cf5e34e88be85c241a6784a0b2e5d9122937,0
ff5c337a8be7667d59d5b143afcba9f797e5b923,0
fc6d420f2639ec740941da176941db3bef21b1e7,0
fd911904eaa6c9170948810f606bb6459f00bded,0
fdf2315439a8fb0c3b1be869530dd2b9e5b48227,0
fea52e4f2b63a032b5b5e99042da16ce2fa4bca0,0
fc3aaf54aa7976e8c33a62d8f9b3092167077577,0
fcc66068957904cef0150852794449336a065d7f,0
fd369443b0e2e48051b642be353e5bfd57d972b9,0
fcf877ad775a9ea95484564b8d654972a1aad20c,0
fc8f9284224bd61bbb8d8f1ddd0109d2c8a622ef,0
fb0fddb1b3e5a584a6c89f132b0db891fc723770,0
fdd343fbbbb0157708d641517ca40f49226775e2,0
fc50a684e740029accbaa8253fd112de08de50fd,0
fe46c127dfa917b025ed7649a001320eea747206,0
fc4a79535e341496655116a85fc9ce03c9a90848,0
ff1dedeadecb90533cd1a4fe0d6c4a12bcab0307,0
fff44d16df02bd8e3d8cd01de693c2cbc80dfd47,0
fe5a5486c64755189f62ae65f07f5cb527e3e27a,0
fbdbd9d47f52d5ab8a4420303e943b9610e4719f,0
fe29d8e3e870687a2fc932e7bd434cc7bc81dcdd,0
fe56b1c5e5410e42e18858d39f764311c9eb916a,0
fcaf0388d33d3291ff2f5bc5b02909cc0bd958f7,0
fd5179a40eed37fa9d54fc4449f9729786d3159e,0
fc6cb4efdd2b1b11419c1c64a85f01f46bd9b3c0,0
fd84a6420ac5234384b3fcd5ac7bb30fb934cb2e,0
fd5686a804ed9b6867abbef7b04d0e258923681f,0
fbdb60f4f5e6204c911c06eb7034ced201f5cefd,0
ff88ce5159974fb9227bfaefd9c5cacdb63ea60b,0
fcad2c6b6875729ea9302d381030995d03c90f51,0
ff008c3fa400f035b89d5e218cf32905566dce8e,0
fc445ee9d84b2647640d23f88b5e91f449b3437a,0
ff3f866e65a134aedb4aa9a726507fd8f15b971e,0
fd2a57643f0a62ffed42f699a02d3b4a58e23037,0
fc7f2289a069a00c7808a316b2fd008654cc5b15,0
fe05bb3057111b911b4b66067d145758d712f93b,0
fe5c3de60b694efb65759bbaa15a24d3e82da58d,0
fbff4d0c9caa0d033f17341bcd359aa66d383572,0
fd8ac3a3c94c464409221e50cb1627ad810174ff,0
fede5686f9718ee082b37a8ffa22a7b22959bbe0,0
fccf5ec6d3405d7e227ebbcf261665182fa1c0e5,0
fee21a280c44f3b5c62d5ad2368648d1ce9e9a24,0
fd77bb23adcb4917ab3ca85a24ef89f753639701,0
fd4034e9ff59d0cfe6f9e6b1180a89b9945e163e,0
fe9eb54989adcd7215e23b9ed87f7267670dacfe,0
fd57ef3737ae65d2a803647673b528cee05b0f71,0
fc664f1975e42adc10d018d264aaff3d935b7d46,0
fd9a627b2abee760fdca18f2f18f4cc2343cce7a,0
fdc34055b0eac1b9faad8b5ed18d12c34d80c1f0,0
fe76f751f0e676139b2a39934446a02c7dfe22a3,0
fd6c86d4db5a1ce1e15b74a1a569231932eeed22,0
fc24a758e781f8f5430c63295081b4ab11e14000,0